INSERT INTO stations
VALUES ('4cb3c720-d949-4c86-83db-3f7dc26504e1', 'Серебряный бор', 'Москва, Таманская улица', false),
       ('74064719-1ff0-4fad-8cb2-48ff9b4ce82b', 'Проспект Буденного', 'Москва, шоссе Энтузиастов (дублёр)', false),
       ('d1218c4d-037d-4ba6-aa15-193e4b2660d5', '2-я Черногрязская улица', 'Москва, Звенигородское шоссе', false),
       ('5dc7f6ba-9ed2-4bb8-b2e2-c7380b8376f6', 'Скарятинский переулок', 'Большая Никитская ул., 55/52с1, Москва', false),
       ('b2fd2e18-d426-4946-91ac-dcc72aa49893', 'Метро Бульвар Рокоссовского', 'Открытое ш., вл5, Москва', false),
       ('5a2e81fb-89ae-413c-8dd3-ca5b01002f57', 'Рижский вокзал', 'Рижская площадь, 1, Москва', false),
       ('f3b81fd6-a288-4b0d-a1db-a3aadbf51ce6', 'Мосгорсуд', 'Москва, улица Богородский Вал', false),
       ('ae76f04f-0e61-46f2-8a27-4ed127914104', 'Метро Сокольники', 'Сокольническая площадь, 4А, Москва', false),
       ('6ab63f81-3871-47df-b7f4-0c2446cf8936', '138-й квартал Выхина', 'Волгоградский просп., 189, Москва', false),
       ('c2904353-633c-417e-87c5-b53d33cabc29', 'Серпуховский Вал', 'Москва, улица Серпуховский Вал', false),
       ('0961a723-c534-4239-a46a-7a15a35336ac', 'Префектура ЮАО', '1-й Автозаводский пр., 2, Москва', false),
       ('db945b49-5cd7-4e23-a6d7-b9e98439824c', 'Метро Кузьминки', 'Москва, Жигулёвская улица', false),
       ('93a63d2c-0138-4722-b29e-668fb8149a03', 'Прибрежный проезд', 'Москва, Северный административный округ, район Левобережный', false),
       ('e1d6635b-d228-4a3c-829e-f50254801502', 'Карамышевская набережная', 'Москва, Карамышевская набережная', false),
       ('f84140ea-4db3-4de8-aeaa-ba4e6271f8ea', 'Улица Мнёвники, 4', 'Москва, улица Мнёвники', false),
       ('ba9597eb-d620-46c5-9390-bd708f4be646', 'Гидропроект', 'Москва, Волоколамское шоссе (дублёр)', false);

INSERT INTO paths
VALUES ('af2c84df-7278-4085-9101-dff3863b7726', 'м3', 'Москва', 22.1, false),
       ('414a381f-b3a7-4bfd-ae3b-77f903ee5df9', '265', 'Москва', 8.2, false),
       ('ccc87081-a177-4aaa-9046-002d1a9b44c7', 'с799', 'Москва', 16.1, false),
       ('a2942598-50ae-48f2-8e04-39a7fa223d80', '403', 'Москва',  13.1, false);

INSERT INTO paths_stations
VALUES ('0f2bb1fd-e613-43fe-bb2e-ec22cac17406', 'af2c84df-7278-4085-9101-dff3863b7726', '4cb3c720-d949-4c86-83db-3f7dc26504e1', 0, false),
       ('719aeb4c-e30e-419b-bf57-db9e1748a047', 'af2c84df-7278-4085-9101-dff3863b7726', '74064719-1ff0-4fad-8cb2-48ff9b4ce82b', 5400000, false),
       ('4df698c5-ef46-4c59-8bd7-c63046c634ee', 'af2c84df-7278-4085-9101-dff3863b7726', 'd1218c4d-037d-4ba6-aa15-193e4b2660d5', 10000, false),
       ('9a791c71-3a3c-4edf-b868-1d4d401a53b2', 'af2c84df-7278-4085-9101-dff3863b7726', '5dc7f6ba-9ed2-4bb8-b2e2-c7380b8376f6', 840000, false),
       ('26680dff-497c-4e46-93f4-0c851724b926', '414a381f-b3a7-4bfd-ae3b-77f903ee5df9', 'b2fd2e18-d426-4946-91ac-dcc72aa49893', 0, false),
       ('586a710a-4d35-4552-b3bf-6ae197cd8558', '414a381f-b3a7-4bfd-ae3b-77f903ee5df9', '5a2e81fb-89ae-413c-8dd3-ca5b01002f57', 2400000, false),
       ('b0ebf7fe-7a99-430a-b89b-6e11d39f8ae1', '414a381f-b3a7-4bfd-ae3b-77f903ee5df9', 'f3b81fd6-a288-4b0d-a1db-a3aadbf51ce6', 53200, false),
       ('13ada656-a290-4d2a-a098-fa6cb277d93c', '414a381f-b3a7-4bfd-ae3b-77f903ee5df9', 'ae76f04f-0e61-46f2-8a27-4ed127914104', 120500, false),
       ('e5585018-3e43-4c80-a8aa-59a160285749', 'ccc87081-a177-4aaa-9046-002d1a9b44c7', '6ab63f81-3871-47df-b7f4-0c2446cf8936', 0, false),
       ('f7f9ac3d-aec7-4e02-a421-e5bcc46037a5', 'ccc87081-a177-4aaa-9046-002d1a9b44c7', 'c2904353-633c-417e-87c5-b53d33cabc29', 3600000, false),
       ('9dd60cfb-9eec-477e-b934-bd2cf8ae18bb', 'ccc87081-a177-4aaa-9046-002d1a9b44c7', '0961a723-c534-4239-a46a-7a15a35336ac', 910000, false),
       ('306e8881-528a-4d3e-9fcb-8bffd1226cc8', 'ccc87081-a177-4aaa-9046-002d1a9b44c7', 'db945b49-5cd7-4e23-a6d7-b9e98439824c', 30000, false),
       ('569a4c21-2c13-4aed-ac38-070d2edcca18', 'a2942598-50ae-48f2-8e04-39a7fa223d80', '93a63d2c-0138-4722-b29e-668fb8149a03', 0, false),
       ('3214c669-eb79-47fd-bfe3-b33502cc9e31', 'a2942598-50ae-48f2-8e04-39a7fa223d80', 'e1d6635b-d228-4a3c-829e-f50254801502', 4860000, false),
       ('21fcf841-b259-4040-b97d-1abf0c0a7c9b', 'a2942598-50ae-48f2-8e04-39a7fa223d80', 'f84140ea-4db3-4de8-aeaa-ba4e6271f8ea', 927800, false),
       ('6a058ed7-b74a-42a4-ad14-e2f0571753dd', 'a2942598-50ae-48f2-8e04-39a7fa223d80', 'ba9597eb-d620-46c5-9390-bd708f4be646', 17400, false);